metric_id,trial 1,trial 2,trial 3,trial 4,trial 5,trial 6,trial 7
HOP_RSI_Trial_,2.112244897959184,1.9189189189189189,1.9907407407407407,2.428571428571429,2.3333333333333335,2.1559633027522938,2.3486238532110093
