metric_id,trial 1,trial 2,trial 3,trial 4,trial 5,trial 6,trial 7,trial 8
HOP_RSI_Trial_,1.648854961832061,1.779527559055118,1.6492537313432836,1.386666666666667,1.6859504132231407,1.7857142857142858,1.7982456140350878,1.8727272727272728
