metric_id,trial 1,trial 2,trial 3,trial 4,trial 5,trial 6,trial 7,trial 8
HOP_RSI_Trial_,1.8823529411764706,1.9736842105263157,1.8571428571428572,2.2596153846153846,2.40952380952381,2.3883495145631066,4.5859375,2.047169811320755
