metric_id,trial 1,trial 2,trial 3,trial 4,trial 5,trial 6,trial 7
HOP_RSI_Trial_,2.4787234042553195,2.8555555555555556,2.8617021276595747,2.9444444444444446,2.9130434782608696,2.8762886597938144,2.3333333333333335
