metric_id,trial 1,trial 2,trial 3,trial 4,trial 5,trial 6,trial 7,trial 8,trial 9
HOP_RSI_Trial_,2.093457943925234,2.223404255319149,2.205882352941176,2.511111111111111,2.4361702127659575,0.5072463768115941,2.1919191919191916,2.323232323232323,2.36
