,metric_id,trial 1,trial 2,trial 3
49,ISO_BM_REL_FORCE_PEAK_Trial_N/kg,25.893417373725025,28.02573641475776,31.702546004430417
79,PEAK_VERTICAL_FORCE_Trial_N,2246.512891344383,2431.512891344383,2750.512891344383
