metric_id,trial 1,trial 2,trial 3,trial 4
ISO_BM_REL_FORCE_PEAK_Trial_N/kg,13.460721320932665,26.376088564722316,31.140041677960298,37.67837913360069
PEAK_VERTICAL_FORCE_Trial_N,1251.7124756335284,2452.712475633528,2895.712475633528,3503.712475633528
