metric_id,trial 1,trial 2,trial 3
CONCENTRIC_DURATION_Trial_ms,0.5299999999997063,0.5299999999997063,0.5240000000006404
ECCENTRIC_BRAKING_RFD_Trial_N/s,3750.000000002078,3747.0930232578908,3564.606741568677
MEAN_ECCENTRIC_FORCE_Asym_N,11.666350369049521,10.906241444905401,7.639899266162567
MEAN_TAKEOFF_FORCE_Asym_N,11.353531192411147,1.3910697864696437,2.236915135487178
PEAK_CONCENTRIC_FORCE_Asym_N,9.691785491313306,1.2328594085531053,6.395330041422974
PEAK_CONCENTRIC_FORCE_Trial_N,1263.04385128694,1340.04385128694,1310.04385128694
PEAK_ECCENTRIC_FORCE_Asym_N,9.43328219974395,3.7302796343297313,6.275642600389107
RELATIVE_PEAK_CONCENTRIC_FORCE_Trial_N/kg,12.777378364056046,13.55633638125382,13.252846244683258
