,metric_id,trial 1,trial 2,trial 3
9,CONCENTRIC_DURATION_Trial_ms,0.5439999999996985,0.5219999999997107,0.5240000000006404
40,ECCENTRIC_BRAKING_RFD_Trial_N/s,1191.8604651169394,2892.105263159498,3338.150289014736
55,MEAN_ECCENTRIC_FORCE_Asym_N,-10.970014210159224,-5.562814707581714,-4.606608622172392
63,MEAN_TAKEOFF_FORCE_Asym_N,-0.9535788601640607,-0.8598947138399793,1.2411266897107835
68,PEAK_CONCENTRIC_FORCE_Asym_N,-2.622724814050359,-3.819472131408974,-5.4217974637015205
71,PEAK_CONCENTRIC_FORCE_Trial_N,1004.7440239043824,1199.7440239043826,1229.7440239043826
72,PEAK_ECCENTRIC_FORCE_Asym_N,-2.939816747688986,-3.8572848960943937,-5.61493310738071
97,RELATIVE_PEAK_CONCENTRIC_FORCE_Trial_N/kg,11.579394075191685,13.826714577669502,14.17245619343532
