metric_id,trial 1,trial 2,trial 3
CONCENTRIC_DURATION_Trial_ms,0.515999999999714,0.5879999999996741,0.5959999999996697
ECCENTRIC_BRAKING_RFD_Trial_N/s,3374.9999999999372,3036.4077669919743,2960.937500001641
MEAN_ECCENTRIC_FORCE_Asym_N,-10.247255079266283,-3.2784167080661404,-10.29636989908764
MEAN_TAKEOFF_FORCE_Asym_N,-16.776435203654895,-5.181650357972327,-8.354048657473115
PEAK_CONCENTRIC_FORCE_Asym_N,-39.396138387836466,-12.906815225841642,-24.22450961080075
PEAK_CONCENTRIC_FORCE_Trial_N,1442.7346752058554,1389.7346752058554,1379.7346752058554
PEAK_ECCENTRIC_FORCE_Asym_N,-37.78439557091757,-12.216174665559103,-23.270230208981452
RELATIVE_PEAK_CONCENTRIC_FORCE_Trial_N/kg,14.7957612060902,14.252227209577022,14.149673625329251
