metric_id,trial 1,trial 2,trial 3
CONCENTRIC_DURATION_Trial_ms,0.5219999999997107,0.5260000000006428,0.49799999999883937
ECCENTRIC_BRAKING_RFD_Trial_N/s,2069.1964285725753,3627.840909086475,3680.473372789643
MEAN_ECCENTRIC_FORCE_Asym_N,-6.926962376449699,-5.928470779248015,-5.990975824672456
MEAN_TAKEOFF_FORCE_Asym_N,-3.858366807407834,-4.563896668677372,-3.3210737435050666
PEAK_CONCENTRIC_FORCE_Asym_N,-13.85552705223882,-1.325000792547041,-7.520077409529689
PEAK_CONCENTRIC_FORCE_Trial_N,1308.2487804878049,1406.2487804878049,1365.2487804878049
PEAK_ECCENTRIC_FORCE_Asym_N,-12.446088050770532,-1.7292959470307863,-7.127555611994207
RELATIVE_PEAK_CONCENTRIC_FORCE_Trial_N/kg,13.85269780270865,14.890393694280018,14.456255617194037
