metric_id,trial 1,trial 2,trial 3
CONCENTRIC_DURATION_Trial_ms,0.5700000000001904,0.5479999999996963,0.6019999999996664
ECCENTRIC_BRAKING_RFD_Trial_N/s,2664.804469272853,2825.8426966307798,2701.6574585650333
MEAN_ECCENTRIC_FORCE_Asym_N,7.796032694547443,11.272837001721616,12.607292707825223
MEAN_TAKEOFF_FORCE_Asym_N,1.9082147935953313,0.9194877629704331,2.4841013377901966
PEAK_CONCENTRIC_FORCE_Asym_N,-8.086733723157312,-8.154479360692173,-7.121170469470653
PEAK_CONCENTRIC_FORCE_Trial_N,1104.416819012797,1166.416819012797,1153.416819012797
PEAK_ECCENTRIC_FORCE_Asym_N,-7.1201061286746,-7.5970214683211275,-7.012674993454581
RELATIVE_PEAK_CONCENTRIC_FORCE_Trial_N/kg,12.714906965378736,13.428699274842241,13.279033145438603
